{
  "accuracy": 0.23529411764705882,
  "precision": 0.23529411764705882,
  "recall": 1.0,
  "f1": 0.38095238095238093,
  "roc_auc": 0.9348290598290598
}